{
  "info": {
    "_postman_id": "0c5fc556-cbb2-4cbf-bda6-0689da6757d4",
    "name": "agriWeather",
    "schema": "https://schema.getpostman.com/json/collection/v2.1.0/collection.json"
  },
  "item": [
    {
      "name": "Health Check",
      "id": "188dd1a6-2d5b-42dc-9e87-7075ab1e4b87",
      "request": {
        "method": "GET",
        "url": {
          "raw": ""
        }
      }
    },
    {
      "name": "List all registered devices",
      "id": "46c54079-4955-40d7-a4a0-f9b480412725",
      "request": {
        "method": "GET",
        "url": {
          "raw": ""
        }
      }
    },
    {
      "name": "Register a new device",
      "id": "e1c90c66-7f4d-411d-b4aa-a4c0562cc01a",
      "request": {
        "method": "GET",
        "url": {
          "raw": ""
        }
      }
    },
    {
      "name": "Get device information",
      "id": "1457943a-8c7e-41c9-8ade-fc1637b0757c",
      "request": {
        "method": "GET",
        "url": {
          "raw": ""
        }
      }
    },
    {
      "name": "Get device status",
      "id": "ed281c33-e50f-4bb2-a2b5-606520aec02e",
      "request": {
        "method": "GET",
        "url": {
          "raw": ""
        }
      }
    },
    {
      "name": "Get current weather readings",
      "id": "27f87933-526c-4546-a510-fe3ad2c70ce5",
      "request": {
        "method": "GET",
        "url": {
          "raw": ""
        }
      }
    },
    {
      "name": "Get historical data",
      "id": "05b78a87-c0e4-4845-8c01-083bdd0eb3e0",
      "request": {
        "method": "GET",
        "url": {
          "raw": ""
        }
      }
    },
    {
      "name": "Get aggregated statistics",
      "id": "ef0df725-82d6-40ba-8d07-c97cd69000d1",
      "request": {
        "method": "GET",
        "url": {
          "raw": ""
        }
      }
    },
    {
      "name": "Get irrigation recommendations",
      "id": "2048215a-fca0-4515-af59-884afe95c920",
      "request": {
        "method": "GET",
        "url": {
          "raw": ""
        }
      }
    },
    {
      "name": "Get alerts for a device",
      "id": "ec297f8f-470e-4f8c-816c-acd7f4bb524d",
      "request": {
        "method": "GET",
        "url": {
          "raw": ""
        }
      }
    },
    {
      "name": "Get all alerts across all devices",
      "id": "62a237d3-fbe3-439e-91ca-0c251f04cbd9",
      "request": {
        "method": "GET",
        "url": {
          "raw": ""
        }
      }
    }
  ]
}